image_path,pred_class,edge_mass_fraction,center_of_mass_distance_px,flagged_background
Image_Folder/Mesohippus_sp_test/19.png,2,0.20108537375926971,4.2427811977874095,0
Image_Folder/Mesohippus_sp_test/27.png,2,0.46888601779937744,6.160341880259165,0
Image_Folder/Mesohippus_sp_test/34.png,2,0.27644309401512146,5.663473120790214,0
Image_Folder/Mesohippus_sp_test/4.png,2,0.3553040325641632,1.7051830148691294,0
Image_Folder/Mesohippus_sp_test/50.png,4,0.8401100635528564,8.583348969349768,1
Image_Folder/P_leonensis_test/11.png,4,0.9206752777099609,16.01683566339677,1
Image_Folder/P_leonensis_test/25.png,3,0.22262604534626007,4.016782837658029,0
Image_Folder/P_leonensis_test/36.png,4,0.09171127527952194,4.262763449701837,0
Image_Folder/P_leonensis_test/47.png,3,0.253019243478775,5.288234148348695,0
Image_Folder/P_leonensis_test/49.png,4,0.9208319783210754,11.21039146751323,1
Image_Folder/P_leonensis_test/.ipynb_checkpoints/36-checkpoint.png,4,0.09171127527952194,4.262763449701837,0
Image_Folder/P_leonensis_test/.ipynb_checkpoints/49-checkpoint.png,4,0.9208319783210754,11.21039146751323,1
Image_Folder/Mesohippus_sp_resized_gray/1.png,2,0.3446146547794342,1.3845668303194223,0
Image_Folder/Mesohippus_sp_resized_gray/10.png,2,0.5613927841186523,4.20750756002656,1
Image_Folder/Mesohippus_sp_resized_gray/11.png,2,0.271481990814209,2.1065773689834684,0
Image_Folder/Mesohippus_sp_resized_gray/12.png,2,0.5541465878486633,1.2560535789886085,1
Image_Folder/Mesohippus_sp_resized_gray/13.png,2,0.2566933035850525,2.858207221440905,0
Image_Folder/Mesohippus_sp_resized_gray/14.png,2,0.43724727630615234,2.958196862731821,0
Image_Folder/Mesohippus_sp_resized_gray/15.png,2,0.27626800537109375,3.038455960899649,0
Image_Folder/Mesohippus_sp_resized_gray/16.png,2,0.4287864863872528,2.1725069485441173,0
Image_Folder/Mesohippus_sp_resized_gray/17.png,2,0.38078707456588745,4.294732050610624,0
Image_Folder/Mesohippus_sp_resized_gray/18.png,2,0.2670733332633972,2.423164700105232,0
Image_Folder/Mesohippus_sp_resized_gray/2.png,2,0.23685920238494873,2.3325682877650764,0
Image_Folder/Mesohippus_sp_resized_gray/20.png,2,0.35861703753471375,3.987341498261978,0
Image_Folder/Mesohippus_sp_resized_gray/21.png,2,0.2308296263217926,2.0302596531241996,0
Image_Folder/Mesohippus_sp_resized_gray/22.png,2,0.4460427761077881,3.9937149291447476,0
Image_Folder/Mesohippus_sp_resized_gray/23.png,2,0.2870728671550751,5.766426137223943,0
Image_Folder/Mesohippus_sp_resized_gray/24.png,2,0.2558409869670868,0.33294071558421495,0
Image_Folder/Mesohippus_sp_resized_gray/25.png,2,0.57062166929245,2.7199437995704376,1
Image_Folder/Mesohippus_sp_resized_gray/26.png,2,0.5424047708511353,2.9237528441416862,0
Image_Folder/Mesohippus_sp_resized_gray/28.png,2,0.5299257040023804,1.3899218819404804,0
Image_Folder/Mesohippus_sp_resized_gray/29.png,2,0.4940855801105499,2.718166814337032,0
Image_Folder/Mesohippus_sp_resized_gray/3.png,2,0.21022239327430725,3.6754794540377045,0
Image_Folder/Mesohippus_sp_resized_gray/30.png,2,0.1962706744670868,2.4373045164835077,0
Image_Folder/Mesohippus_sp_resized_gray/31.png,2,0.5292037129402161,3.0689427712324,0
Image_Folder/Mesohippus_sp_resized_gray/32.png,2,0.2655473053455353,7.185929282159303,0
Image_Folder/Mesohippus_sp_resized_gray/33.png,2,0.23656423389911652,7.357431424078238,0
Image_Folder/Mesohippus_sp_resized_gray/35.png,2,0.30832621455192566,2.383530624414474,0
Image_Folder/Mesohippus_sp_resized_gray/36.png,2,0.2288178950548172,1.9348723224185314,0
Image_Folder/Mesohippus_sp_resized_gray/37.png,2,0.5935444235801697,3.0507827485931096,1
Image_Folder/Mesohippus_sp_resized_gray/38.png,2,0.1854715794324875,2.5899027248203392,0
Image_Folder/Mesohippus_sp_resized_gray/39.png,2,0.3172314763069153,4.812283551064892,0
Image_Folder/Mesohippus_sp_resized_gray/40.png,2,0.6397980451583862,3.7505283079586924,1
Image_Folder/Mesohippus_sp_resized_gray/41.png,2,0.657785177230835,3.432602833352035,1
Image_Folder/Mesohippus_sp_resized_gray/42.png,2,0.2478075921535492,4.081954715649403,0
Image_Folder/Mesohippus_sp_resized_gray/43.png,2,0.5810836553573608,3.227582946243063,1
Image_Folder/Mesohippus_sp_resized_gray/44.png,2,0.398966521024704,2.002985580275941,0
Image_Folder/Mesohippus_sp_resized_gray/45.png,2,0.5988399982452393,4.225045748668826,1
Image_Folder/Mesohippus_sp_resized_gray/46.png,2,0.22625762224197388,6.203670848316848,0
Image_Folder/Mesohippus_sp_resized_gray/47.png,2,0.20348221063613892,2.2983986114810873,0
Image_Folder/Mesohippus_sp_resized_gray/48.png,2,0.4033760130405426,1.84167174731483,0
Image_Folder/Mesohippus_sp_resized_gray/49.png,2,0.3293786942958832,3.074746994516317,0
Image_Folder/Mesohippus_sp_resized_gray/5.png,2,0.41513514518737793,3.6513600364566092,0
Image_Folder/Mesohippus_sp_resized_gray/51.png,2,0.17037515342235565,2.1598096361246943,0
Image_Folder/Mesohippus_sp_resized_gray/52.png,2,0.255018949508667,2.487491713585284,0
Image_Folder/Mesohippus_sp_resized_gray/53.png,2,0.1718030720949173,6.105245080083097,0
Image_Folder/Mesohippus_sp_resized_gray/54.png,2,0.5654007196426392,2.643834659626179,1
Image_Folder/Mesohippus_sp_resized_gray/55.png,2,0.5023732781410217,3.4652729387368435,0
Image_Folder/Mesohippus_sp_resized_gray/56.png,2,0.2367997020483017,1.0993620184019373,0
Image_Folder/Mesohippus_sp_resized_gray/57.png,2,0.21553988754749298,1.8911053915028069,0
Image_Folder/Mesohippus_sp_resized_gray/58.png,2,0.2511790692806244,2.907788395438476,0
Image_Folder/Mesohippus_sp_resized_gray/59.png,2,0.25104281306266785,3.360450520854126,0
Image_Folder/Mesohippus_sp_resized_gray/6.png,2,0.558229386806488,1.6468487686747222,1
Image_Folder/Mesohippus_sp_resized_gray/60.png,2,0.4244421124458313,3.416712848332965,0
Image_Folder/Mesohippus_sp_resized_gray/7.png,2,0.4085772931575775,2.479399141684177,0
Image_Folder/Mesohippus_sp_resized_gray/8.png,2,0.24194946885108948,1.8396788407525169,0
Image_Folder/Mesohippus_sp_resized_gray/9.png,2,0.4911450445652008,2.3545100308222864,0
Image_Folder/P_leonensis_resized_gray/1.png,2,0.2133873999118805,2.9529405827321304,0
Image_Folder/P_leonensis_resized_gray/10.png,4,0.8726217150688171,2.425462797825558,1
Image_Folder/P_leonensis_resized_gray/12.png,4,0.8874852657318115,3.1604032987436916,1
Image_Folder/P_leonensis_resized_gray/13.png,3,0.2138880044221878,1.644509570761975,0
Image_Folder/P_leonensis_resized_gray/14.png,4,0.7857292294502258,8.164320213337602,1
Image_Folder/P_leonensis_resized_gray/15.png,3,0.19438138604164124,2.7337211853319827,0
Image_Folder/P_leonensis_resized_gray/16.png,2,0.22569639980793,1.0124696216530176,0
Image_Folder/P_leonensis_resized_gray/17.png,3,0.2045932412147522,0.6948813417610766,0
Image_Folder/P_leonensis_resized_gray/18.png,4,0.9453288912773132,3.900791098270805,1
Image_Folder/P_leonensis_resized_gray/19.png,4,0.9016966223716736,3.797081201905675,1
Image_Folder/P_leonensis_resized_gray/2.png,4,0.8552523255348206,7.363167399957644,1
Image_Folder/P_leonensis_resized_gray/20.png,2,0.23704667389392853,0.8717766888364468,0
Image_Folder/P_leonensis_resized_gray/21.png,4,0.9222030639648438,13.84598646468367,1
Image_Folder/P_leonensis_resized_gray/22.png,3,0.21861161291599274,3.1587003509019924,0
Image_Folder/P_leonensis_resized_gray/23.png,2,0.2296745330095291,2.1144773547038618,0
Image_Folder/P_leonensis_resized_gray/24.png,4,0.8817737698554993,9.006704413832935,1
Image_Folder/P_leonensis_resized_gray/26.png,4,0.9330801367759705,8.02019756724172,1
Image_Folder/P_leonensis_resized_gray/27.png,4,0.903481125831604,13.801291498868862,1
Image_Folder/P_leonensis_resized_gray/28.png,2,0.19827641546726227,1.9254017756809252,0
Image_Folder/P_leonensis_resized_gray/29.png,4,0.9263180494308472,7.819272621616039,1
Image_Folder/P_leonensis_resized_gray/3.png,4,0.9612817764282227,12.779990656415984,1
Image_Folder/P_leonensis_resized_gray/30.png,4,0.9278703331947327,14.097690278777474,1
Image_Folder/P_leonensis_resized_gray/31.png,3,0.22002245485782623,5.162649954385973,0
Image_Folder/P_leonensis_resized_gray/32.png,3,0.20528613030910492,2.0161785926203883,0
Image_Folder/P_leonensis_resized_gray/33.png,4,0.870861828327179,17.459106522251158,1
Image_Folder/P_leonensis_resized_gray/34.png,4,0.9150950312614441,7.30883925875148,1
Image_Folder/P_leonensis_resized_gray/35.png,4,0.9074962735176086,12.382549294079453,1
Image_Folder/P_leonensis_resized_gray/37.png,4,0.8960301876068115,9.531258424402964,1
Image_Folder/P_leonensis_resized_gray/38.png,5,0.2352573275566101,2.9435237874264044,0
Image_Folder/P_leonensis_resized_gray/39.png,4,0.91124427318573,7.77829886489027,1
Image_Folder/P_leonensis_resized_gray/4.png,4,0.9606496095657349,9.05168468433914,1
Image_Folder/P_leonensis_resized_gray/40.png,4,0.897087574005127,2.3658367604695214,1
Image_Folder/P_leonensis_resized_gray/41.png,4,0.9296204447746277,14.236952619029807,1
Image_Folder/P_leonensis_resized_gray/42.png,4,0.9283983707427979,12.155987682185543,1
Image_Folder/P_leonensis_resized_gray/43.png,4,0.8180367350578308,17.999611073379686,1
Image_Folder/P_leonensis_resized_gray/44.png,4,0.8835320472717285,16.04621659870082,1
Image_Folder/P_leonensis_resized_gray/45.png,2,0.23684124648571014,1.196244927512425,0
Image_Folder/P_leonensis_resized_gray/46.png,4,0.9541199803352356,4.544374799932082,1
Image_Folder/P_leonensis_resized_gray/48.png,2,0.2544516324996948,4.919201668200434,0
Image_Folder/P_leonensis_resized_gray/5.png,2,0.24066698551177979,6.626098630109682,0
Image_Folder/P_leonensis_resized_gray/50.png,4,0.9491429924964905,6.7328846266352445,1
Image_Folder/P_leonensis_resized_gray/51.png,4,0.918621838092804,6.193068594713331,1
Image_Folder/P_leonensis_resized_gray/52.png,4,0.7864282131195068,3.5608567348462206,1
Image_Folder/P_leonensis_resized_gray/53.png,2,0.15376803278923035,1.8779185392490498,0
Image_Folder/P_leonensis_resized_gray/54.png,3,0.2497047334909439,4.624737506592638,0
Image_Folder/P_leonensis_resized_gray/55.png,2,0.19615581631660461,2.7321943641087056,0
Image_Folder/P_leonensis_resized_gray/56.png,4,0.9115254282951355,0.8866015788977407,1
Image_Folder/P_leonensis_resized_gray/57.png,2,0.16835011541843414,4.409815905485789,0
Image_Folder/P_leonensis_resized_gray/58.png,4,0.8837912678718567,2.184631621038131,1
Image_Folder/P_leonensis_resized_gray/59.png,4,0.8972417116165161,8.254906879831852,1
Image_Folder/P_leonensis_resized_gray/6.png,4,0.9229236841201782,10.10167764404658,1
Image_Folder/P_leonensis_resized_gray/60.png,4,0.9332312941551208,8.234045482330016,1
Image_Folder/P_leonensis_resized_gray/7.png,4,0.7908150553703308,8.214588558239758,1
Image_Folder/P_leonensis_resized_gray/8.png,3,0.17775185406208038,1.2021096037858814,0
Image_Folder/P_leonensis_resized_gray/9.png,3,0.2407965213060379,1.8282971824375651,0
Image_Folder/D_interpolatus/1.png,3,0.38523414731025696,1.7965038712879784,0
Image_Folder/D_interpolatus/10.png,4,0.17412522435188293,2.018241351538048,0
Image_Folder/D_interpolatus/11.png,3,0.33317241072654724,8.36167088579963,0
Image_Folder/D_interpolatus/12.png,3,0.40319862961769104,1.4994958966845773,0
Image_Folder/D_interpolatus/13.png,4,0.2157706618309021,0.37772318803240235,0
Image_Folder/D_interpolatus/14.png,4,0.2329741269350052,5.740331288197711,0
Image_Folder/D_interpolatus/15.png,4,0.15127433836460114,2.434217494026865,0
Image_Folder/D_interpolatus/16.png,3,0.2839294970035553,3.436286726544177,0
Image_Folder/D_interpolatus/17.png,3,0.28737756609916687,1.2566946655862614,0
Image_Folder/D_interpolatus/18.png,3,0.4244045913219452,2.8112964444916932,0
Image_Folder/D_interpolatus/19.png,3,0.322671502828598,5.722179849831322,0
Image_Folder/D_interpolatus/2.png,4,0.12547340989112854,5.710108903600635,0
Image_Folder/D_interpolatus/20.png,3,0.3471722900867462,3.693162992313392,0
Image_Folder/D_interpolatus/21.png,3,0.3317667841911316,4.712715984677695,0
Image_Folder/D_interpolatus/22.png,3,0.32204654812812805,0.2922398549435112,0
Image_Folder/D_interpolatus/23.png,3,0.2935161292552948,1.7471288274229937,0
Image_Folder/D_interpolatus/24.png,4,0.5806151032447815,2.4958740110963538,1
Image_Folder/D_interpolatus/25.png,4,0.6613463759422302,4.79704965209928,1
Image_Folder/D_interpolatus/26.png,4,0.6534197330474854,1.0540482391967156,1
Image_Folder/D_interpolatus/27.png,4,0.6038652062416077,3.757039186371657,1
Image_Folder/D_interpolatus/28.png,4,0.6649072170257568,3.8199979863954305,1
Image_Folder/D_interpolatus/29.png,4,0.8296197056770325,6.933079194592184,1
Image_Folder/D_interpolatus/3.png,3,0.3149604797363281,2.1909828247573055,0
Image_Folder/D_interpolatus/30.png,3,0.2802128195762634,3.0448347656471335,0
Image_Folder/D_interpolatus/31.png,3,0.5729816555976868,1.4030310152157706,1
Image_Folder/D_interpolatus/4.png,4,0.34588387608528137,1.1802083430565875,0
Image_Folder/D_interpolatus/49.png,3,0.26175227761268616,1.9782294165620156,0
Image_Folder/D_interpolatus/5.png,4,0.496337890625,2.2370824257416353,0
Image_Folder/D_interpolatus/50.png,3,0.23885148763656616,8.003749453013857,0
Image_Folder/D_interpolatus/51.png,3,0.27693381905555725,4.508580778740831,0
Image_Folder/D_interpolatus/52.png,4,0.7034621834754944,0.6562968305695573,1
Image_Folder/D_interpolatus/53.png,3,0.23559798300266266,4.88956494230636,0
Image_Folder/D_interpolatus/54.png,4,0.6768680810928345,6.135185075535731,1
Image_Folder/D_interpolatus/55.png,4,0.8625341653823853,2.2137572013127818,1
Image_Folder/D_interpolatus/56.png,4,0.5485023856163025,5.671687692182299,0
Image_Folder/D_interpolatus/57.png,4,0.43216079473495483,2.557124016101301,0
Image_Folder/D_interpolatus/58.png,3,0.26570603251457214,1.9811320780093675,0
Image_Folder/D_interpolatus/59.png,3,0.23097042739391327,5.682562713192834,0
Image_Folder/D_interpolatus/6.png,3,0.2657114267349243,2.9878984815824374,0
Image_Folder/D_interpolatus/60.png,4,0.47167694568634033,3.6922348761363804,0
Image_Folder/D_interpolatus/61.png,4,0.7815418243408203,0.831061333978178,1
Image_Folder/D_interpolatus/62.png,3,0.3458941876888275,4.863616151208966,0
Image_Folder/D_interpolatus/63.png,3,0.29671981930732727,2.3681382985361323,0
Image_Folder/D_interpolatus/64.png,3,0.30003494024276733,6.102652616728039,0
Image_Folder/D_interpolatus/65.png,4,0.872165322303772,2.1911680358185546,1
Image_Folder/D_interpolatus/66.png,4,0.10181701183319092,3.934744741725003,0
Image_Folder/D_interpolatus/67.png,3,0.24597445130348206,2.8528578583189286,0
Image_Folder/D_interpolatus/68.png,4,0.32171499729156494,1.2838918323976716,0
Image_Folder/D_interpolatus/69.png,4,0.5078865885734558,4.513868099338409,0
Image_Folder/D_interpolatus/7.png,4,0.43067795038223267,2.5374789736870706,0
Image_Folder/D_interpolatus/70.png,4,0.5923194289207458,3.172095419709346,1
Image_Folder/D_interpolatus/71.png,4,0.4365944266319275,2.3053010194101944,0
Image_Folder/D_interpolatus/72.png,4,0.5260149836540222,4.163896078116671,0
Image_Folder/D_interpolatus/73.png,4,0.035559915006160736,4.898617552206859,0
Image_Folder/D_interpolatus/74.png,4,0.05726313963532448,4.612427547773064,0
Image_Folder/D_interpolatus/75.png,3,0.28345197439193726,3.0696062339395107,0
Image_Folder/D_interpolatus/76.png,3,0.29430994391441345,3.5970603497895555,0
Image_Folder/D_interpolatus/77.png,4,0.6491820216178894,4.732023649475431,1
Image_Folder/D_interpolatus/8.png,3,0.34470316767692566,4.178991830527941,0
Image_Folder/D_interpolatus/9.png,3,0.3636322617530823,3.2352833458487344,0
Image_Folder/D_interpolatus/.ipynb_checkpoints/1-checkpoint.png,3,0.38523414731025696,1.7965038712879784,0
Image_Folder/D_interpolatus/.ipynb_checkpoints/4-checkpoint.png,4,0.34588387608528137,1.1802083430565875,0
Image_Folder/Mesohippus_sp/1.png,2,0.34094926714897156,1.1397405557074198,0
Image_Folder/Mesohippus_sp/10.png,2,0.5866454243659973,4.43770568609958,1
Image_Folder/Mesohippus_sp/11.png,2,0.27440229058265686,1.8483052466469072,0
Image_Folder/Mesohippus_sp/12.png,2,0.5563727617263794,1.053288172899951,1
Image_Folder/Mesohippus_sp/13.png,2,0.22133657336235046,3.3972033484276385,0
Image_Folder/Mesohippus_sp/14.png,2,0.4009126126766205,2.2858245772199774,0
Image_Folder/Mesohippus_sp/15.png,2,0.27377429604530334,3.0691944057009595,0
Image_Folder/Mesohippus_sp/16.png,2,0.4398294985294342,2.2537615263504054,0
Image_Folder/Mesohippus_sp/17.png,2,0.42098867893218994,3.9714821470011947,0
Image_Folder/Mesohippus_sp/18.png,2,0.2627822160720825,2.6501113854607086,0
Image_Folder/Mesohippus_sp/19.png,2,0.2111809402704239,3.7839499767761398,0
Image_Folder/Mesohippus_sp/2.png,2,0.23215347528457642,2.4663855139571345,0
Image_Folder/Mesohippus_sp/20.png,2,0.3735311031341553,3.595104900722054,0
Image_Folder/Mesohippus_sp/21.png,2,0.2495478242635727,1.431905217443332,0
Image_Folder/Mesohippus_sp/22.png,2,0.4751194417476654,3.496114519704241,0
Image_Folder/Mesohippus_sp/23.png,2,0.2769709825515747,6.039648794175704,0
Image_Folder/Mesohippus_sp/24.png,2,0.26272621750831604,0.2554510895192767,0
Image_Folder/Mesohippus_sp/25.png,2,0.5863574147224426,2.2787620572735605,1
Image_Folder/Mesohippus_sp/26.png,2,0.5552675724029541,2.9148468141682913,1
Image_Folder/Mesohippus_sp/27.png,2,0.46174630522727966,7.2154779771444,0
Image_Folder/Mesohippus_sp/28.png,2,0.5549858808517456,1.4805874630722655,1
Image_Folder/Mesohippus_sp/29.png,2,0.4844822883605957,2.3826966013750095,0
Image_Folder/Mesohippus_sp/3.png,2,0.21068941056728363,3.740657414596495,0
Image_Folder/Mesohippus_sp/30.png,2,0.1900022178888321,2.262554416476355,0
Image_Folder/Mesohippus_sp/31.png,2,0.5594418048858643,2.8672165051548535,1
Image_Folder/Mesohippus_sp/32.png,2,0.2726339101791382,7.14906712889495,0
Image_Folder/Mesohippus_sp/33.png,2,0.23791971802711487,7.369217950412589,0
Image_Folder/Mesohippus_sp/34.png,2,0.2751206159591675,5.9219290334086,0
Image_Folder/Mesohippus_sp/35.png,2,0.31617358326911926,2.378576481416069,0
Image_Folder/Mesohippus_sp/36.png,2,0.23490849137306213,1.779406928710236,0
Image_Folder/Mesohippus_sp/37.png,2,0.6059696674346924,3.0841246322230234,1
Image_Folder/Mesohippus_sp/38.png,2,0.14438271522521973,3.2147776352810227,0
Image_Folder/Mesohippus_sp/39.png,2,0.3047158122062683,5.250628632978377,0
Image_Folder/Mesohippus_sp/4.png,2,0.3279390335083008,2.322330307232009,0
Image_Folder/Mesohippus_sp/40.png,2,0.6567835807800293,4.045654289022859,1
Image_Folder/Mesohippus_sp/41.png,2,0.6755409240722656,3.418366725328818,1
Image_Folder/Mesohippus_sp/42.png,2,0.24412479996681213,4.492547224124498,0
Image_Folder/Mesohippus_sp/43.png,2,0.6009781956672668,3.007700021597068,1
Image_Folder/Mesohippus_sp/44.png,2,0.39766964316368103,2.1852973363720585,0
Image_Folder/Mesohippus_sp/45.png,2,0.6090484857559204,4.1202778523507515,1
Image_Folder/Mesohippus_sp/46.png,2,0.22222734987735748,6.350825857190194,0
Image_Folder/Mesohippus_sp/47.png,2,0.42487627267837524,1.1718747641219005,0
Image_Folder/Mesohippus_sp/48.png,2,0.40018683671951294,1.6025447998144866,0
Image_Folder/Mesohippus_sp/49.png,2,0.3222920596599579,5.976458248421512,0
Image_Folder/Mesohippus_sp/5.png,2,0.4246188700199127,3.625147723214044,0
Image_Folder/Mesohippus_sp/50.png,4,0.8371530175209045,8.446780791212042,1
Image_Folder/Mesohippus_sp/51.png,2,0.16768722236156464,2.109972431866617,0
Image_Folder/Mesohippus_sp/52.png,2,0.25101056694984436,2.514715751858066,0
Image_Folder/Mesohippus_sp/53.png,2,0.4351814389228821,1.893351930653626,0
Image_Folder/Mesohippus_sp/54.png,2,0.5440302491188049,2.5398435929320886,0
Image_Folder/Mesohippus_sp/55.png,2,0.39714863896369934,1.958772551268027,0
Image_Folder/Mesohippus_sp/56.png,2,0.40686172246932983,0.9209864408483704,0
Image_Folder/Mesohippus_sp/57.png,2,0.2161085307598114,1.7085452932991263,0
Image_Folder/Mesohippus_sp/58.png,2,0.24742364883422852,2.87186344835049,0
Image_Folder/Mesohippus_sp/59.png,2,0.24864327907562256,3.3856028468875685,0
Image_Folder/Mesohippus_sp/6.png,2,0.5994123816490173,1.6645905872039666,1
Image_Folder/Mesohippus_sp/60.png,2,0.4258120059967041,3.7949544892175173,0
Image_Folder/Mesohippus_sp/7.png,2,0.45497560501098633,2.4030242549904313,0
Image_Folder/Mesohippus_sp/8.png,2,0.24681846797466278,2.175707499198227,0
Image_Folder/Mesohippus_sp/9.png,2,0.5487936735153198,2.1655014423339263,0
Image_Folder/N_aztecus_test/23.png,3,0.28766074776649475,1.261648427438285,0
Image_Folder/N_aztecus_test/32.png,3,0.3883588910102844,2.5821697575116414,0
Image_Folder/N_aztecus_test/47.png,3,0.2710842192173004,1.4063566833048016,0
Image_Folder/N_aztecus_test/54.png,3,0.24469250440597534,4.889553945444599,0
Image_Folder/N_aztecus_test/60.png,3,0.4267841577529907,5.959186941927199,0
Image_Folder/N_aztecus_test/.ipynb_checkpoints/32-checkpoint.png,3,0.3883588910102844,2.5821697575116414,0
Image_Folder/N_aztecus_test/.ipynb_checkpoints/47-checkpoint.png,3,0.2710842192173004,1.4063566833048016,0
Image_Folder/N_aztecus_resized_gray/1.png,3,0.3225187361240387,2.5983201778830782,0
Image_Folder/N_aztecus_resized_gray/10.png,3,0.289497047662735,1.408331771477635,0
Image_Folder/N_aztecus_resized_gray/11.png,3,0.277786523103714,2.454306147303807,0
Image_Folder/N_aztecus_resized_gray/12.png,3,0.2816602289676666,1.390469981173123,0
Image_Folder/N_aztecus_resized_gray/13.png,3,0.49158328771591187,1.1169162466247984,0
Image_Folder/N_aztecus_resized_gray/14.png,3,0.31492316722869873,0.5491829543296476,0
Image_Folder/N_aztecus_resized_gray/15.png,3,0.3792857229709625,0.2795574071349295,0
Image_Folder/N_aztecus_resized_gray/16.png,3,0.28926578164100647,2.1657078556333658,0
Image_Folder/N_aztecus_resized_gray/17.png,3,0.29976019263267517,3.5392174483672307,0
Image_Folder/N_aztecus_resized_gray/18.png,3,0.2617547810077667,3.8957676870752396,0
Image_Folder/N_aztecus_resized_gray/19.png,3,0.3222224712371826,3.5869641032684374,0
Image_Folder/N_aztecus_resized_gray/2.png,3,0.36137574911117554,3.5172947480168606,0
Image_Folder/N_aztecus_resized_gray/20.png,3,0.3145804703235626,0.6376400323236339,0
Image_Folder/N_aztecus_resized_gray/21.png,3,0.2128061205148697,2.2744833940811433,0
Image_Folder/N_aztecus_resized_gray/22.png,3,0.4269979000091553,4.0947426953297,0
Image_Folder/N_aztecus_resized_gray/24.png,3,0.4650994539260864,1.3269064843612575,0
Image_Folder/N_aztecus_resized_gray/25.png,3,0.32729190587997437,0.2608176319512868,0
Image_Folder/N_aztecus_resized_gray/26.png,3,0.3132700026035309,2.3917406445527156,0
Image_Folder/N_aztecus_resized_gray/27.png,3,0.42689675092697144,2.168181644786139,0
Image_Folder/N_aztecus_resized_gray/28.png,3,0.3712446093559265,1.6726411279621773,0
Image_Folder/N_aztecus_resized_gray/29.png,3,0.4277322590351105,1.5774235300809103,0
Image_Folder/N_aztecus_resized_gray/3.png,3,0.32679399847984314,2.4524501196082213,0
Image_Folder/N_aztecus_resized_gray/30.png,3,0.319823294878006,2.027419604666432,0
Image_Folder/N_aztecus_resized_gray/31.png,3,0.4178803563117981,2.4457109027720914,0
Image_Folder/N_aztecus_resized_gray/33.png,3,0.31362706422805786,2.938085601485521,0
Image_Folder/N_aztecus_resized_gray/34.png,3,0.39707842469215393,0.3602012125580968,0
Image_Folder/N_aztecus_resized_gray/35.png,3,0.40420225262641907,2.653871015862893,0
Image_Folder/N_aztecus_resized_gray/36.png,3,0.2755863666534424,2.4607917677695306,0
Image_Folder/N_aztecus_resized_gray/37.png,3,0.26731669902801514,3.287180638877083,0
Image_Folder/N_aztecus_resized_gray/38.png,3,0.3124908208847046,3.5432686201762027,0
Image_Folder/N_aztecus_resized_gray/39.png,3,0.4463717043399811,2.1186097550975704,0
Image_Folder/N_aztecus_resized_gray/4.png,3,0.47033748030662537,1.5099025988823844,0
Image_Folder/N_aztecus_resized_gray/40.png,3,0.39768245816230774,1.2584616356145313,0
Image_Folder/N_aztecus_resized_gray/41.png,3,0.4664963483810425,2.421299625810094,0
Image_Folder/N_aztecus_resized_gray/42.png,3,0.468143105506897,0.602266098774255,0
Image_Folder/N_aztecus_resized_gray/43.png,3,0.33784642815589905,2.786966140123697,0
Image_Folder/N_aztecus_resized_gray/44.png,3,0.39842453598976135,1.6033359343543498,0
Image_Folder/N_aztecus_resized_gray/45.png,3,0.31983187794685364,2.2290455151944166,0
Image_Folder/N_aztecus_resized_gray/46.png,3,0.312951922416687,0.7588287234947095,0
Image_Folder/N_aztecus_resized_gray/48.png,3,0.2633908987045288,2.3450161024213827,0
Image_Folder/N_aztecus_resized_gray/49.png,3,0.3424196243286133,0.7711555270633943,0
Image_Folder/N_aztecus_resized_gray/5.png,3,0.4275125563144684,2.874287490533317,0
Image_Folder/N_aztecus_resized_gray/50.png,3,0.3525976240634918,2.7716018555860167,0
Image_Folder/N_aztecus_resized_gray/51.png,3,0.5149093866348267,3.1336283816806976,0
Image_Folder/N_aztecus_resized_gray/52.png,3,0.3456436097621918,6.068196891351241,0
Image_Folder/N_aztecus_resized_gray/53.png,3,0.4994302988052368,2.9219894098740884,0
Image_Folder/N_aztecus_resized_gray/55.png,3,0.5785934329032898,1.3405747194946713,1
Image_Folder/N_aztecus_resized_gray/56.png,3,0.39950501918792725,0.9776160948510362,0
Image_Folder/N_aztecus_resized_gray/57.png,3,0.2873145341873169,3.896319476919769,0
Image_Folder/N_aztecus_resized_gray/58.png,3,0.301811158657074,0.391969897360512,0
Image_Folder/N_aztecus_resized_gray/59.png,3,0.46107760071754456,2.9738914092672974,0
Image_Folder/N_aztecus_resized_gray/6.png,3,0.3726131021976471,2.6040329967152225,0
Image_Folder/N_aztecus_resized_gray/7.png,3,0.44271716475486755,1.536922091276172,0
Image_Folder/N_aztecus_resized_gray/8.png,3,0.3338795006275177,5.623520585502326,0
Image_Folder/N_aztecus_resized_gray/9.png,3,0.33117014169692993,2.34031964552497,0
Image_Folder/E_simplicidens/100.png,4,0.5503911375999451,10.854095982344251,1
Image_Folder/E_simplicidens/101.png,4,0.6407795548439026,14.136430592052498,1
Image_Folder/E_simplicidens/102.png,1,0.857616126537323,11.095549194977506,1
Image_Folder/E_simplicidens/103.png,1,0.7927018404006958,12.451605224493566,1
Image_Folder/E_simplicidens/104.png,4,0.34865549206733704,1.2973406305999255,0
Image_Folder/E_simplicidens/105.png,4,0.47965970635414124,3.5268743755391876,0
Image_Folder/E_simplicidens/106.png,4,0.3251854479312897,2.2162538922170576,0
Image_Folder/E_simplicidens/107.png,4,0.674437403678894,4.170304425774691,1
Image_Folder/E_simplicidens/109.png,4,0.6730356216430664,5.104226864663811,1
Image_Folder/E_simplicidens/110.png,4,0.6545360684394836,1.8762949770030573,1
Image_Folder/E_simplicidens/111.png,4,0.8475355505943298,8.371713460244118,1
Image_Folder/E_simplicidens/112.png,4,0.5512248277664185,4.614127635882521,1
Image_Folder/E_simplicidens/113.png,1,0.8535885214805603,12.091824640556206,1
Image_Folder/E_simplicidens/114.png,4,0.9157218337059021,10.128146917001477,1
Image_Folder/E_simplicidens/115.png,4,0.2778342664241791,0.9255594832290537,0
Image_Folder/E_simplicidens/116.png,4,0.7627742886543274,9.946920449185871,1
Image_Folder/E_simplicidens/117.png,4,0.007403482683002949,3.741202850715632,0
Image_Folder/E_simplicidens/118.png,1,0.8021067380905151,8.354543013185767,1
Image_Folder/E_simplicidens/119.png,4,0.5776618719100952,2.8554624822490324,1
Image_Folder/E_simplicidens/120.png,4,0.484821081161499,2.700010918996293,0
Image_Folder/E_simplicidens/121.png,4,0.07383111119270325,4.318562593068235,0
Image_Folder/E_simplicidens/122.png,4,0.23421354591846466,4.758724067109878,0
Image_Folder/E_simplicidens/123.png,4,0.45690587162971497,6.651961683856987,0
Image_Folder/E_simplicidens/124.png,1,0.8819494843482971,14.16997379328821,1
Image_Folder/E_simplicidens/125.png,4,0.03290005773305893,4.7076953028711666,0
Image_Folder/E_simplicidens/126.png,4,0.783624529838562,9.794723578013873,1
Image_Folder/E_simplicidens/54.png,4,0.7621192336082458,1.872422768123506,1
Image_Folder/E_simplicidens/55.png,4,0.7238718271255493,2.2291723151360117,1
Image_Folder/E_simplicidens/67.png,4,0.2635415494441986,4.039100866590216,0
Image_Folder/E_simplicidens/68.png,3,0.2504116892814636,7.218873669506234,0
Image_Folder/E_simplicidens/69.png,4,0.38055935502052307,2.738845336485599,0
Image_Folder/E_simplicidens/70.png,3,0.2987927496433258,4.851249328801133,0
Image_Folder/E_simplicidens/71.png,1,0.9396415948867798,0.6311066191859915,1
Image_Folder/E_simplicidens/72.png,3,0.23222991824150085,4.2934958553790095,0
Image_Folder/E_simplicidens/73.png,4,0.813852071762085,13.29733829758329,1
Image_Folder/E_simplicidens/74.png,4,0.6372352242469788,10.53501402591131,1
Image_Folder/E_simplicidens/75.png,3,0.2098551243543625,8.279239348914071,0
Image_Folder/E_simplicidens/76.png,4,0.18789827823638916,11.332183442618806,0
Image_Folder/E_simplicidens/77.png,3,0.15698526799678802,3.2760787836319234,0
Image_Folder/E_simplicidens/78.png,4,0.3707408308982849,2.6184927889861562,0
Image_Folder/E_simplicidens/79.png,4,0.6625640988349915,9.203850851152994,1
Image_Folder/E_simplicidens/80.png,3,0.15927156805992126,1.8005470737689855,0
Image_Folder/E_simplicidens/81.png,4,0.13318495452404022,2.1306067709189853,0
Image_Folder/E_simplicidens/82.png,3,0.25756576657295227,7.409841961509837,0
Image_Folder/E_simplicidens/83.png,4,0.570854902267456,3.9469168828575873,1
Image_Folder/E_simplicidens/84.png,4,0.3924688696861267,3.1061858852600106,0
Image_Folder/E_simplicidens/85.png,4,0.16302087903022766,2.5043578171193164,0
Image_Folder/E_simplicidens/86.png,3,0.2803579866886139,4.226744345302761,0
Image_Folder/E_simplicidens/87.png,4,0.18184351921081543,4.593002677171222,0
Image_Folder/E_simplicidens/88.png,4,0.5902485847473145,9.254215744287515,1
Image_Folder/E_simplicidens/89.png,3,0.2179221212863922,5.582451424031417,0
Image_Folder/E_simplicidens/90.png,3,0.26608365774154663,3.4491273766401465,0
Image_Folder/E_simplicidens/91.png,4,0.8547752499580383,17.290898467496127,1
Image_Folder/E_simplicidens/92.png,4,0.41314148902893066,2.991568830381177,0
Image_Folder/E_simplicidens/93.png,1,0.8557339906692505,8.097890078213773,1
Image_Folder/E_simplicidens/94.png,4,0.8709250092506409,9.13162346904995,1
Image_Folder/E_simplicidens/95.png,4,0.6274678707122803,7.881752094226637,1
Image_Folder/E_simplicidens/97.png,4,0.04591020941734314,5.597378632071285,0
Image_Folder/E_simplicidens/98.png,4,0.13251584768295288,2.1567174630619967,0
Image_Folder/E_simplicidens/99.png,4,0.18254484236240387,0.6631889495378546,0
Image_Folder/E_simplicidens/.ipynb_checkpoints/100-checkpoint.png,4,0.5503911375999451,10.854095982344251,1
Image_Folder/P_leonensis/1.png,2,0.32141435146331787,1.1213554584220895,0
Image_Folder/P_leonensis/10.png,4,0.8677583336830139,2.4032100413500976,1
Image_Folder/P_leonensis/11.png,4,0.9186466932296753,15.698537405550402,1
Image_Folder/P_leonensis/12.png,4,0.8865830898284912,2.904097277084972,1
Image_Folder/P_leonensis/13.png,3,0.2088511437177658,1.6159215184035471,0
Image_Folder/P_leonensis/14.png,4,0.7812372446060181,8.127716605512777,1
Image_Folder/P_leonensis/15.png,3,0.19026710093021393,2.948225988764843,0
Image_Folder/P_leonensis/16.png,2,0.22279787063598633,0.8429273634575786,0
Image_Folder/P_leonensis/17.png,4,0.9520903825759888,4.222414235571642,1
Image_Folder/P_leonensis/18.png,4,0.9434667229652405,4.0514002363287585,1
Image_Folder/P_leonensis/19.png,4,0.9007356762886047,3.7011970098772373,1
Image_Folder/P_leonensis/2.png,4,0.8463310599327087,6.550697039801793,1
Image_Folder/P_leonensis/20.png,2,0.23430612683296204,0.8169244713569177,0
Image_Folder/P_leonensis/21.png,4,0.9212694764137268,13.71440164955639,1
Image_Folder/P_leonensis/22.png,3,0.2140052765607834,3.1230375342081844,0
Image_Folder/P_leonensis/23.png,2,0.22058504819869995,2.154401496648569,0
Image_Folder/P_leonensis/24.png,4,0.88043612241745,8.972657981906998,1
Image_Folder/P_leonensis/25.png,3,0.21936988830566406,4.187083088934551,0
Image_Folder/P_leonensis/26.png,4,0.931731104850769,8.038086575513638,1
Image_Folder/P_leonensis/27.png,4,0.9016323685646057,13.55543093611693,1
Image_Folder/P_leonensis/28.png,2,0.19431909918785095,2.0422490366358055,0
Image_Folder/P_leonensis/29.png,4,0.9253964424133301,7.736674997533836,1
Image_Folder/P_leonensis/3.png,4,0.9606611132621765,12.677736633510156,1
Image_Folder/P_leonensis/30.png,4,0.9266155958175659,13.964113394986224,1
Image_Folder/P_leonensis/31.png,3,0.2151891440153122,5.1452599934771195,0
Image_Folder/P_leonensis/32.png,3,0.20058627426624298,1.9882348393159466,0
Image_Folder/P_leonensis/33.png,4,0.8699193596839905,17.257865267498417,1
Image_Folder/P_leonensis/34.png,4,0.9114576578140259,7.332002551281339,1
Image_Folder/P_leonensis/35.png,4,0.9060156345367432,12.23028443428904,1
Image_Folder/P_leonensis/36.png,4,0.10041355341672897,3.4443862085286043,0
Image_Folder/P_leonensis/37.png,4,0.8942481875419617,9.382856267211027,1
Image_Folder/P_leonensis/38.png,5,0.22964882850646973,2.8848692777369083,0
Image_Folder/P_leonensis/39.png,4,0.9091529846191406,7.687003340523374,1
Image_Folder/P_leonensis/4.png,4,0.9594084024429321,9.011627678599163,1
Image_Folder/P_leonensis/40.png,4,0.8959174156188965,2.381677226240507,1
Image_Folder/P_leonensis/41.png,4,0.9264712929725647,14.279626831094802,1
Image_Folder/P_leonensis/42.png,4,0.9268664121627808,12.19303905155705,1
Image_Folder/P_leonensis/43.png,4,0.8147578239440918,17.5137662232264,1
Image_Folder/P_leonensis/44.png,4,0.8822718858718872,15.929332404658334,1
Image_Folder/P_leonensis/45.png,2,0.23326066136360168,1.358408841863256,0
Image_Folder/P_leonensis/46.png,4,0.9526167511940002,4.682142144729026,1
Image_Folder/P_leonensis/47.png,3,0.24600081145763397,5.400112207661251,0
Image_Folder/P_leonensis/48.png,2,0.2509555220603943,4.99774392767524,0
Image_Folder/P_leonensis/49.png,4,0.9172740578651428,11.125281341882753,1
Image_Folder/P_leonensis/5.png,2,0.2081909030675888,7.136779254058629,0
Image_Folder/P_leonensis/50.png,4,0.9444718956947327,6.5488608814681175,1
Image_Folder/P_leonensis/51.png,4,0.9151620864868164,6.16646390159201,1
Image_Folder/P_leonensis/52.png,4,0.7866463661193848,3.583377571455913,1
Image_Folder/P_leonensis/53.png,4,0.9088056087493896,10.912464038944863,1
Image_Folder/P_leonensis/54.png,3,0.24410901963710785,4.540006811622527,0
Image_Folder/P_leonensis/55.png,2,0.19233939051628113,2.83304311541084,0
Image_Folder/P_leonensis/56.png,4,0.9118062257766724,0.7101772286563637,1
Image_Folder/P_leonensis/57.png,2,0.17384149134159088,5.324593332811029,0
Image_Folder/P_leonensis/58.png,4,0.8790069222450256,1.8755801286692044,1
Image_Folder/P_leonensis/59.png,4,0.8946139812469482,8.115819526725327,1
Image_Folder/P_leonensis/6.png,4,0.9215914607048035,10.02717173497867,1
Image_Folder/P_leonensis/60.png,4,0.9309797286987305,8.27094151764655,1
Image_Folder/P_leonensis/7.png,4,0.7797885537147522,7.851224912164203,1
Image_Folder/P_leonensis/8.png,4,0.8621336817741394,2.8702260922569365,1
Image_Folder/P_leonensis/9.png,3,0.23588237166404724,1.8124733311331183,0
Image_Folder/D_interpolatus_test/15.png,4,0.13234488666057587,2.301192153825615,0
Image_Folder/D_interpolatus_test/21.png,3,0.3307177722454071,4.7347095822467695,0
Image_Folder/D_interpolatus_test/51.png,3,0.3078186511993408,4.3823304668642455,0
Image_Folder/D_interpolatus_test/7.png,4,0.41472727060317993,2.6457081028635985,0
Image_Folder/D_interpolatus_test/72.png,4,0.6153014898300171,6.071916280981696,1
Image_Folder/D_interpolatus_test/.ipynb_checkpoints/21-checkpoint.png,3,0.3307177722454071,4.7347095822467695,0
Image_Folder/D_interpolatus_test/.ipynb_checkpoints/7-checkpoint.png,4,0.41472727060317993,2.6457081028635985,0
Image_Folder/D_interpolatus_resized_gray/1.png,3,0.3839041590690613,1.6131181285943226,0
Image_Folder/D_interpolatus_resized_gray/10.png,4,0.12805180251598358,2.13952625567085,0
Image_Folder/D_interpolatus_resized_gray/11.png,3,0.3331293761730194,8.026930784013905,0
Image_Folder/D_interpolatus_resized_gray/12.png,3,0.38594579696655273,1.1901850503405604,0
Image_Folder/D_interpolatus_resized_gray/13.png,4,0.19158978760242462,0.46217542608772794,0
Image_Folder/D_interpolatus_resized_gray/14.png,4,0.17587031424045563,6.311958754357894,0
Image_Folder/D_interpolatus_resized_gray/16.png,3,0.28124091029167175,3.466688009843971,0
Image_Folder/D_interpolatus_resized_gray/17.png,3,0.28771519660949707,1.2887733329851276,0
Image_Folder/D_interpolatus_resized_gray/18.png,3,0.41778361797332764,3.280977698115473,0
Image_Folder/D_interpolatus_resized_gray/19.png,3,0.30802902579307556,5.315993997320544,0
Image_Folder/D_interpolatus_resized_gray/2.png,3,0.2501562833786011,4.83321531097202,0
Image_Folder/D_interpolatus_resized_gray/20.png,3,0.32534635066986084,3.337385197898107,0
Image_Folder/D_interpolatus_resized_gray/22.png,3,0.3624063730239868,0.4442200207925023,0
Image_Folder/D_interpolatus_resized_gray/23.png,3,0.34896543622016907,1.457580806255885,0
Image_Folder/D_interpolatus_resized_gray/24.png,4,0.7294604182243347,3.8129132204005436,1
Image_Folder/D_interpolatus_resized_gray/25.png,4,0.6688169836997986,4.98581502441768,1
Image_Folder/D_interpolatus_resized_gray/26.png,4,0.6377081871032715,1.0692010275551496,1
Image_Folder/D_interpolatus_resized_gray/27.png,4,0.7738555669784546,7.656587549586592,1
Image_Folder/D_interpolatus_resized_gray/28.png,4,0.6773198246955872,3.983517807974264,1
Image_Folder/D_interpolatus_resized_gray/29.png,4,0.7788798213005066,6.458378322686903,1
Image_Folder/D_interpolatus_resized_gray/3.png,3,0.3286261260509491,1.9741167825288901,0
Image_Folder/D_interpolatus_resized_gray/30.png,3,0.2871541976928711,3.079805242852629,0
Image_Folder/D_interpolatus_resized_gray/31.png,3,0.5542652010917664,1.121645433437242,1
Image_Folder/D_interpolatus_resized_gray/4.png,4,0.3393953740596771,1.1105891725137034,0
Image_Folder/D_interpolatus_resized_gray/49.png,3,0.27101659774780273,2.1643144776936705,0
Image_Folder/D_interpolatus_resized_gray/5.png,4,0.4868771731853485,2.3408844531474937,0
Image_Folder/D_interpolatus_resized_gray/50.png,3,0.2421419620513916,8.089446776043602,0
Image_Folder/D_interpolatus_resized_gray/52.png,4,0.7133233547210693,0.7217983345242923,1
Image_Folder/D_interpolatus_resized_gray/53.png,3,0.23897922039031982,4.709630449696766,0
Image_Folder/D_interpolatus_resized_gray/54.png,4,0.6948463320732117,6.45958820527678,1
Image_Folder/D_interpolatus_resized_gray/55.png,4,0.8717334270477295,2.3469547440896616,1
Image_Folder/D_interpolatus_resized_gray/56.png,4,0.5543925166130066,5.9253258754683555,1
Image_Folder/D_interpolatus_resized_gray/57.png,4,0.4809572398662567,2.3184425004738793,0
Image_Folder/D_interpolatus_resized_gray/58.png,3,0.27323347330093384,2.0403341351522375,0
Image_Folder/D_interpolatus_resized_gray/59.png,3,0.23321034014225006,5.630410862041483,0
Image_Folder/D_interpolatus_resized_gray/6.png,3,0.2710774838924408,3.212539910789497,0
Image_Folder/D_interpolatus_resized_gray/60.png,4,0.46737805008888245,3.6426898829608905,0
Image_Folder/D_interpolatus_resized_gray/61.png,4,0.8012486100196838,0.9389042494861322,1
Image_Folder/D_interpolatus_resized_gray/62.png,3,0.34526118636131287,4.855063287143927,0
Image_Folder/D_interpolatus_resized_gray/63.png,3,0.29704752564430237,2.3898330349174715,0
Image_Folder/D_interpolatus_resized_gray/64.png,3,0.2883562445640564,6.461859775642434,0
Image_Folder/D_interpolatus_resized_gray/65.png,3,0.2761077582836151,4.623857023674093,0
Image_Folder/D_interpolatus_resized_gray/66.png,4,0.09571997076272964,4.220476672773629,0
Image_Folder/D_interpolatus_resized_gray/67.png,3,0.25510483980178833,2.58599033094969,0
Image_Folder/D_interpolatus_resized_gray/68.png,4,0.298678994178772,1.2103251149243064,0
Image_Folder/D_interpolatus_resized_gray/69.png,4,0.5062089562416077,4.867895943879355,0
Image_Folder/D_interpolatus_resized_gray/70.png,4,0.6040142178535461,3.3615472794524615,1
Image_Folder/D_interpolatus_resized_gray/71.png,4,0.45319074392318726,4.813746589282173,0
Image_Folder/D_interpolatus_resized_gray/73.png,4,0.030370652675628662,4.871914557129859,0
Image_Folder/D_interpolatus_resized_gray/74.png,4,0.059092432260513306,4.718857489159904,0
Image_Folder/D_interpolatus_resized_gray/75.png,3,0.28632134199142456,2.9282747997856955,0
Image_Folder/D_interpolatus_resized_gray/76.png,3,0.29100945591926575,3.5342176721149823,0
Image_Folder/D_interpolatus_resized_gray/77.png,4,0.6576840281486511,4.885581921100035,1
Image_Folder/D_interpolatus_resized_gray/8.png,3,0.3486443758010864,4.546836584326102,0
Image_Folder/D_interpolatus_resized_gray/9.png,3,0.36735931038856506,3.3073221732863938,0
Image_Folder/D_interpolatus_resized_gray/.ipynb_checkpoints/1-checkpoint.png,3,0.3839041590690613,1.6131181285943226,0
Image_Folder/D_interpolatus_resized_gray/.ipynb_checkpoints/2-checkpoint.png,3,0.2501562833786011,4.83321531097202,0
Image_Folder/D_interpolatus_resized_gray/.ipynb_checkpoints/4-checkpoint.png,4,0.3393953740596771,1.1105891725137034,0
Image_Folder/D_interpolatus_resized_gray/.ipynb_checkpoints/9-checkpoint.png,3,0.36735931038856506,3.3073221732863938,0
Image_Folder/N_aztecus/1.png,3,0.32748448848724365,2.204205047197129,0
Image_Folder/N_aztecus/10.png,3,0.2873300015926361,1.4422512339919886,0
Image_Folder/N_aztecus/11.png,3,0.27413129806518555,2.41809414172805,0
Image_Folder/N_aztecus/12.png,3,0.28698861598968506,1.1606860655231925,0
Image_Folder/N_aztecus/13.png,3,0.5183101892471313,1.1331791649302971,0
Image_Folder/N_aztecus/14.png,3,0.31149914860725403,0.6167954253461541,0
Image_Folder/N_aztecus/15.png,3,0.40212929248809814,0.4958774004477515,0
Image_Folder/N_aztecus/16.png,3,0.2913964092731476,2.2358543972431235,0
Image_Folder/N_aztecus/17.png,3,0.3301098346710205,3.0155556879487304,0
Image_Folder/N_aztecus/18.png,3,0.2651159167289734,3.9773379912839286,0
Image_Folder/N_aztecus/19.png,3,0.314568430185318,3.7706039998448997,0
Image_Folder/N_aztecus/2.png,3,0.36113855242729187,3.892170819705066,0
Image_Folder/N_aztecus/20.png,3,0.31888851523399353,0.9357318767070841,0
Image_Folder/N_aztecus/21.png,3,0.20278337597846985,2.182562437897231,0
Image_Folder/N_aztecus/22.png,3,0.426841676235199,4.339133885022367,0
Image_Folder/N_aztecus/23.png,3,0.3149588704109192,0.9278884530789044,0
Image_Folder/N_aztecus/24.png,3,0.4779881536960602,1.074059408632549,0
Image_Folder/N_aztecus/25.png,3,0.30794212222099304,0.5119697202107951,0
Image_Folder/N_aztecus/26.png,3,0.3144003450870514,2.323561461329855,0
Image_Folder/N_aztecus/27.png,3,0.4491083323955536,1.9867863746576844,0
Image_Folder/N_aztecus/28.png,3,0.3745405972003937,1.5265674938525327,0
Image_Folder/N_aztecus/29.png,3,0.43708059191703796,1.590375458324084,0
Image_Folder/N_aztecus/3.png,3,0.3232196867465973,2.333104376351274,0
Image_Folder/N_aztecus/30.png,3,0.35896599292755127,2.0898739014535987,0
Image_Folder/N_aztecus/31.png,3,0.430337518453598,2.417331329935761,0
Image_Folder/N_aztecus/32.png,3,0.4195988178253174,2.7881939710434174,0
Image_Folder/N_aztecus/33.png,3,0.31374597549438477,2.920462907698576,0
Image_Folder/N_aztecus/34.png,3,0.41131648421287537,0.49438548140136845,0
Image_Folder/N_aztecus/35.png,3,0.43884795904159546,2.9787889416420246,0
Image_Folder/N_aztecus/36.png,3,0.26837044954299927,2.5443281538603264,0
Image_Folder/N_aztecus/37.png,3,0.2704944610595703,3.355686170084322,0
Image_Folder/N_aztecus/38.png,3,0.351601243019104,2.888538695151447,0
Image_Folder/N_aztecus/39.png,3,0.4733998775482178,2.1731253353944893,0
Image_Folder/N_aztecus/4.png,3,0.49700742959976196,1.523275646618126,0
Image_Folder/N_aztecus/40.png,3,0.4125010073184967,1.5981014975509322,0
Image_Folder/N_aztecus/41.png,3,0.5039151906967163,2.3672720679751396,0
Image_Folder/N_aztecus/42.png,3,0.49379047751426697,0.9552185973432878,0
Image_Folder/N_aztecus/43.png,3,0.3542138636112213,2.4854801357876775,0
Image_Folder/N_aztecus/44.png,3,0.42948389053344727,1.3182770135660242,0
Image_Folder/N_aztecus/45.png,3,0.36140498518943787,2.0173242727679614,0
Image_Folder/N_aztecus/46.png,3,0.32082414627075195,1.0754881062424366,0
Image_Folder/N_aztecus/47.png,3,0.27343055605888367,1.2213528526389754,0
Image_Folder/N_aztecus/48.png,3,0.26755842566490173,2.5584191845087254,0
Image_Folder/N_aztecus/49.png,3,0.34218308329582214,0.6775322609845866,0
Image_Folder/N_aztecus/5.png,3,0.44484952092170715,2.667706153021443,0
Image_Folder/N_aztecus/50.png,3,0.35700100660324097,3.1194730355468545,0
Image_Folder/N_aztecus/51.png,3,0.5503086447715759,3.3168888794079456,1
Image_Folder/N_aztecus/52.png,3,0.3572927415370941,7.07831818238927,0
Image_Folder/N_aztecus/53.png,3,0.551693856716156,3.3580638697340346,1
Image_Folder/N_aztecus/54.png,3,0.25505346059799194,5.099373206123762,0
Image_Folder/N_aztecus/55.png,3,0.6118840575218201,1.2581381290238278,1
Image_Folder/N_aztecus/56.png,3,0.41937607526779175,0.9128012443202729,0
Image_Folder/N_aztecus/57.png,3,0.3026498258113861,3.8821682085636433,0
Image_Folder/N_aztecus/58.png,3,0.31061315536499023,0.2839876646860766,0
Image_Folder/N_aztecus/59.png,3,0.4864533543586731,2.5728215575906304,0
Image_Folder/N_aztecus/6.png,3,0.38679829239845276,2.4157390371821186,0
Image_Folder/N_aztecus/60.png,3,0.44479623436927795,6.272255002845373,0
Image_Folder/N_aztecus/7.png,3,0.44166284799575806,1.6858095608454897,0
Image_Folder/N_aztecus/8.png,3,0.33111923933029175,5.581323026186862,0
Image_Folder/N_aztecus/9.png,3,0.3283803462982178,2.2513410873799473,0
Image_Folder/E_simplicidens_resized_gray/100.png,3,0.19605767726898193,6.492017841277793,0
Image_Folder/E_simplicidens_resized_gray/101.png,4,0.6638695001602173,14.671942200390218,1
Image_Folder/E_simplicidens_resized_gray/102.png,1,0.8598305583000183,11.028567971774141,1
Image_Folder/E_simplicidens_resized_gray/103.png,1,0.787283182144165,12.27755480541498,1
Image_Folder/E_simplicidens_resized_gray/104.png,4,0.2672329246997833,1.4176594282389168,0
Image_Folder/E_simplicidens_resized_gray/105.png,4,0.3676331341266632,4.727734333317713,0
Image_Folder/E_simplicidens_resized_gray/106.png,4,0.29499661922454834,2.114012699222263,0
Image_Folder/E_simplicidens_resized_gray/107.png,4,0.60323566198349,3.897651480151568,1
Image_Folder/E_simplicidens_resized_gray/109.png,4,0.668885350227356,5.458067933865886,1
Image_Folder/E_simplicidens_resized_gray/110.png,4,0.6586770415306091,1.9867434409257083,1
Image_Folder/E_simplicidens_resized_gray/111.png,4,0.86443692445755,8.749650943510916,1
Image_Folder/E_simplicidens_resized_gray/112.png,4,0.5541738867759705,4.990233065612281,1
Image_Folder/E_simplicidens_resized_gray/113.png,1,0.8509607315063477,11.91549417272706,1
Image_Folder/E_simplicidens_resized_gray/114.png,4,0.9247139692306519,10.275482464245417,1
Image_Folder/E_simplicidens_resized_gray/115.png,4,0.2555888593196869,1.7904708680709467,0
Image_Folder/E_simplicidens_resized_gray/117.png,4,0.0073444717563688755,4.140741257787991,0
Image_Folder/E_simplicidens_resized_gray/118.png,1,0.8110517263412476,8.70149267501016,1
Image_Folder/E_simplicidens_resized_gray/119.png,4,0.6010857224464417,3.3850656883911356,1
Image_Folder/E_simplicidens_resized_gray/120.png,4,0.47109901905059814,2.9054559015656354,0
Image_Folder/E_simplicidens_resized_gray/121.png,4,0.06536594778299332,4.088199795137879,0
Image_Folder/E_simplicidens_resized_gray/122.png,4,0.13639958202838898,3.4489878089103017,0
Image_Folder/E_simplicidens_resized_gray/124.png,1,0.8823938965797424,14.107455056233354,1
Image_Folder/E_simplicidens_resized_gray/126.png,4,0.8611284494400024,11.724651535339063,1
Image_Folder/E_simplicidens_resized_gray/54.png,4,0.7760015726089478,1.9868558391668132,1
Image_Folder/E_simplicidens_resized_gray/55.png,4,0.7223542332649231,2.275578889732162,1
Image_Folder/E_simplicidens_resized_gray/67.png,4,0.16218233108520508,3.321187175186991,0
Image_Folder/E_simplicidens_resized_gray/68.png,3,0.2577665150165558,7.0823902440825375,0
Image_Folder/E_simplicidens_resized_gray/69.png,4,0.3749997913837433,3.2296047408426434,0
Image_Folder/E_simplicidens_resized_gray/70.png,3,0.3005453646183014,4.749805323394798,0
Image_Folder/E_simplicidens_resized_gray/71.png,1,0.9399593472480774,0.7326478613766791,1
Image_Folder/E_simplicidens_resized_gray/72.png,3,0.23175223171710968,3.9278385683717807,0
Image_Folder/E_simplicidens_resized_gray/73.png,4,0.8225322365760803,14.161195692002021,1
Image_Folder/E_simplicidens_resized_gray/74.png,4,0.700103759765625,11.697547225050236,1
Image_Folder/E_simplicidens_resized_gray/75.png,3,0.21231843531131744,8.219338307303577,0
Image_Folder/E_simplicidens_resized_gray/76.png,4,0.18904688954353333,11.78802911983858,0
Image_Folder/E_simplicidens_resized_gray/77.png,3,0.15490835905075073,3.353916201300775,0
Image_Folder/E_simplicidens_resized_gray/78.png,4,0.378673255443573,2.8683839525866848,0
Image_Folder/E_simplicidens_resized_gray/79.png,4,0.6766701340675354,9.73031579086966,1
Image_Folder/E_simplicidens_resized_gray/80.png,3,0.1576751470565796,1.7387678918908918,0
Image_Folder/E_simplicidens_resized_gray/81.png,4,0.10815539211034775,3.5565368978339067,0
Image_Folder/E_simplicidens_resized_gray/82.png,3,0.2601630389690399,7.371345855544249,0
Image_Folder/E_simplicidens_resized_gray/84.png,4,0.2662673592567444,3.995896743531943,0
Image_Folder/E_simplicidens_resized_gray/85.png,4,0.14034053683280945,3.7318113624318694,0
Image_Folder/E_simplicidens_resized_gray/86.png,3,0.26069068908691406,4.177721007549957,0
Image_Folder/E_simplicidens_resized_gray/87.png,4,0.1353999525308609,5.005239793634151,0
Image_Folder/E_simplicidens_resized_gray/88.png,4,0.5922457575798035,10.196901791122094,1
Image_Folder/E_simplicidens_resized_gray/89.png,3,0.22243018448352814,5.162284333369164,0
Image_Folder/E_simplicidens_resized_gray/90.png,3,0.25869032740592957,3.4593996759626724,0
Image_Folder/E_simplicidens_resized_gray/91.png,4,0.8602479696273804,17.238418996930026,1
Image_Folder/E_simplicidens_resized_gray/93.png,1,0.8528853058815002,7.928776632978863,1
Image_Folder/E_simplicidens_resized_gray/94.png,3,0.22830365598201752,4.812331211660335,0
Image_Folder/E_simplicidens_resized_gray/95.png,4,0.6432002782821655,8.385565182932375,1
Image_Folder/E_simplicidens_resized_gray/97.png,1,0.8053213953971863,9.108804023930736,1
Image_Folder/E_simplicidens_resized_gray/98.png,1,0.8473029732704163,1.7477796036194868,1
Image_Folder/E_simplicidens_resized_gray/99.png,4,0.12963493168354034,2.2029483287816762,0
Image_Folder/E_simplicidens_resized_gray/.ipynb_checkpoints/100-checkpoint.png,3,0.19605767726898193,6.492017841277793,0
Image_Folder/S_sandrae_resized_gray/1.png,5,0.5527210831642151,2.4956353203001855,1
Image_Folder/S_sandrae_resized_gray/10.png,5,0.640042245388031,1.981292668517953,1
Image_Folder/S_sandrae_resized_gray/11.png,5,0.5415425300598145,1.3439866699334582,0
Image_Folder/S_sandrae_resized_gray/12.png,2,0.32497474551200867,5.695704448814643,0
Image_Folder/S_sandrae_resized_gray/13.png,5,0.7073765397071838,3.5577572608188035,1
Image_Folder/S_sandrae_resized_gray/14.png,5,0.6056405901908875,1.606563630654437,1
Image_Folder/S_sandrae_resized_gray/15.png,5,0.612870454788208,2.7590386206322504,1
Image_Folder/S_sandrae_resized_gray/16.png,5,0.6292073130607605,2.191183402728468,1
Image_Folder/S_sandrae_resized_gray/17.png,5,0.6457129716873169,3.917795448354962,1
Image_Folder/S_sandrae_resized_gray/18.png,5,0.2875603139400482,1.3497500268714806,0
Image_Folder/S_sandrae_resized_gray/19.png,5,0.5590214729309082,3.0538531485494236,1
Image_Folder/S_sandrae_resized_gray/2.png,5,0.3667701184749603,3.489452366745732,0
Image_Folder/S_sandrae_resized_gray/20.png,5,0.6506112217903137,0.03818332319453027,1
Image_Folder/S_sandrae_resized_gray/21.png,5,0.6534884572029114,2.4114873849896856,1
Image_Folder/S_sandrae_resized_gray/22.png,5,0.5655255317687988,3.4009066827223995,1
Image_Folder/S_sandrae_resized_gray/23.png,5,0.6828370094299316,3.8909397521913918,1
Image_Folder/S_sandrae_resized_gray/24.png,5,0.6077728271484375,2.377012776675109,1
Image_Folder/S_sandrae_resized_gray/26.png,5,0.6707856059074402,2.16953099009466,1
Image_Folder/S_sandrae_resized_gray/27.png,5,0.5037299990653992,1.052714071999624,0
Image_Folder/S_sandrae_resized_gray/28.png,5,0.5692408680915833,3.8651439238626586,1
Image_Folder/S_sandrae_resized_gray/29.png,5,0.6536179780960083,6.070293321132962,1
Image_Folder/S_sandrae_resized_gray/3.png,5,0.6529152989387512,1.6959533688836446,1
Image_Folder/S_sandrae_resized_gray/30.png,5,0.4533000588417053,3.830919816748626,0
Image_Folder/S_sandrae_resized_gray/32.png,5,0.5969613790512085,2.15139007376306,1
Image_Folder/S_sandrae_resized_gray/33.png,5,0.6582898497581482,2.1414459406896547,1
Image_Folder/S_sandrae_resized_gray/35.png,5,0.595162570476532,1.6390939651864576,1
Image_Folder/S_sandrae_resized_gray/36.png,5,0.7088007926940918,3.592845416934409,1
Image_Folder/S_sandrae_resized_gray/37.png,5,0.6705207228660583,3.184691880856449,1
Image_Folder/S_sandrae_resized_gray/38.png,5,0.5454124808311462,3.179672522063765,0
Image_Folder/S_sandrae_resized_gray/39.png,5,0.3711926341056824,4.704717042334366,0
Image_Folder/S_sandrae_resized_gray/4.png,5,0.6588531136512756,2.938985464694211,1
Image_Folder/S_sandrae_resized_gray/40.png,5,0.5952427983283997,2.259470026425326,1
Image_Folder/S_sandrae_resized_gray/41.png,5,0.5114377737045288,3.5944339031258576,0
Image_Folder/S_sandrae_resized_gray/42.png,5,0.5608323216438293,1.5946345038930536,1
Image_Folder/S_sandrae_resized_gray/43.png,5,0.584290087223053,2.1333638625844067,1
Image_Folder/S_sandrae_resized_gray/44.png,5,0.6508440375328064,4.014263928720619,1
Image_Folder/S_sandrae_resized_gray/45.png,5,0.47703149914741516,0.6605034495257015,0
Image_Folder/S_sandrae_resized_gray/46.png,5,0.5956893563270569,1.0324447380365147,1
Image_Folder/S_sandrae_resized_gray/47.png,5,0.4146212637424469,2.0665638119116427,0
Image_Folder/S_sandrae_resized_gray/48.png,5,0.6182087659835815,3.5712731856859765,1
Image_Folder/S_sandrae_resized_gray/49.png,5,0.6666568517684937,4.100511271697775,1
Image_Folder/S_sandrae_resized_gray/5.png,5,0.5557023286819458,0.6356915916713338,1
Image_Folder/S_sandrae_resized_gray/50.png,5,0.627801775932312,3.9065501254905226,1
Image_Folder/S_sandrae_resized_gray/52.png,5,0.3178255259990692,1.1929598002160129,0
Image_Folder/S_sandrae_resized_gray/53.png,5,0.5983232855796814,3.638728542757381,1
Image_Folder/S_sandrae_resized_gray/54.png,5,0.43042948842048645,1.9925462020391864,0
Image_Folder/S_sandrae_resized_gray/55.png,5,0.4743843674659729,0.7420029690576834,0
Image_Folder/S_sandrae_resized_gray/56.png,5,0.3622572720050812,0.6951127401394035,0
Image_Folder/S_sandrae_resized_gray/57.png,5,0.4851655960083008,2.405870060381573,0
Image_Folder/S_sandrae_resized_gray/59.png,5,0.5437367558479309,2.978715931491536,0
Image_Folder/S_sandrae_resized_gray/6.png,5,0.5275567173957825,2.2645546012687165,0
Image_Folder/S_sandrae_resized_gray/60.png,5,0.6757587790489197,1.6862553182448832,1
Image_Folder/S_sandrae_resized_gray/7.png,5,0.6167601346969604,3.6505953268750826,1
Image_Folder/S_sandrae_resized_gray/8.png,5,0.7411233186721802,1.4033445458062381,1
Image_Folder/S_sandrae_resized_gray/9.png,5,0.4682041108608246,2.643071556548297,0
Image_Folder/S_sandrae_resized_gray/.ipynb_checkpoints/29-checkpoint.png,5,0.6536179780960083,6.070293321132962,1
Image_Folder/E_simplicidens_test/116.png,4,0.7892081141471863,10.26657835726874,1
Image_Folder/E_simplicidens_test/123.png,4,0.4304491877555847,6.807030449852288,0
Image_Folder/E_simplicidens_test/125.png,4,0.030634384602308273,5.088706611707436,0
Image_Folder/E_simplicidens_test/83.png,4,0.5747231841087341,5.24678589872834,1
Image_Folder/E_simplicidens_test/92.png,4,0.39668384194374084,2.657057394760806,0
Image_Folder/S_sandrae/1.png,5,0.5801989436149597,2.359344658028069,1
Image_Folder/S_sandrae/10.png,5,0.6567482352256775,1.9170131064544762,1
Image_Folder/S_sandrae/11.png,5,0.5564906597137451,0.6550588627007194,1
Image_Folder/S_sandrae/12.png,2,0.3200156092643738,6.068351929412917,0
Image_Folder/S_sandrae/13.png,5,0.726070761680603,3.8589733804599957,1
Image_Folder/S_sandrae/14.png,5,0.6300788521766663,1.8737235211419427,1
Image_Folder/S_sandrae/15.png,5,0.622791051864624,2.550471436953143,1
Image_Folder/S_sandrae/16.png,5,0.5737154483795166,3.435550815373337,1
Image_Folder/S_sandrae/17.png,5,0.6564231514930725,3.811551015638987,1
Image_Folder/S_sandrae/18.png,5,0.29311373829841614,1.3250179698421347,0
Image_Folder/S_sandrae/19.png,5,0.5709578990936279,2.8209392804824693,1
Image_Folder/S_sandrae/2.png,5,0.3736835718154907,3.5335195612686663,0
Image_Folder/S_sandrae/20.png,5,0.5906166434288025,1.7541926463138697,1
Image_Folder/S_sandrae/21.png,5,0.671608567237854,2.341512494398088,1
Image_Folder/S_sandrae/22.png,5,0.59392911195755,3.778257363824793,1
Image_Folder/S_sandrae/23.png,5,0.7043395638465881,4.35379248836711,1
Image_Folder/S_sandrae/24.png,5,0.6345046758651733,1.6433085347374246,1
Image_Folder/S_sandrae/25.png,5,0.6942404508590698,6.608354468648109,1
Image_Folder/S_sandrae/26.png,5,0.6847555637359619,1.9607693683103227,1
Image_Folder/S_sandrae/27.png,5,0.5186370611190796,0.8347676190857778,0
Image_Folder/S_sandrae/28.png,5,0.5855165123939514,3.9600865308711835,1
Image_Folder/S_sandrae/29.png,5,0.6685717105865479,6.2362391936240815,1
Image_Folder/S_sandrae/3.png,5,0.672460675239563,1.7840901950488826,1
Image_Folder/S_sandrae/30.png,5,0.34792575240135193,4.825170594934763,0
Image_Folder/S_sandrae/31.png,5,0.6761646866798401,3.3990348234483014,1
Image_Folder/S_sandrae/32.png,5,0.6150467395782471,1.9725248435365366,1
Image_Folder/S_sandrae/33.png,5,0.6424753665924072,2.0867139706310436,1
Image_Folder/S_sandrae/34.png,5,0.6381911635398865,3.2641730774361477,1
Image_Folder/S_sandrae/35.png,5,0.5443181395530701,1.1405239473839217,0
Image_Folder/S_sandrae/36.png,5,0.7246444225311279,3.577013476553667,1
Image_Folder/S_sandrae/37.png,5,0.6638465523719788,3.0262715258564246,1
Image_Folder/S_sandrae/38.png,5,0.5474989414215088,3.320878939539402,0
Image_Folder/S_sandrae/39.png,5,0.3705238401889801,4.540329467270139,0
Image_Folder/S_sandrae/4.png,5,0.6765101552009583,3.1501587300165994,1
Image_Folder/S_sandrae/40.png,5,0.6044544577598572,2.2882259761351738,1
Image_Folder/S_sandrae/41.png,5,0.545330286026001,3.949572594754026,0
Image_Folder/S_sandrae/42.png,5,0.5848600268363953,1.08914468937825,1
Image_Folder/S_sandrae/43.png,5,0.6108590960502625,2.1089428076337944,1
Image_Folder/S_sandrae/44.png,5,0.6736695766448975,4.2524300589398525,1
Image_Folder/S_sandrae/45.png,5,0.4960557520389557,0.816773292363539,0
Image_Folder/S_sandrae/46.png,5,0.6168773174285889,1.1945532603553974,1
Image_Folder/S_sandrae/47.png,5,0.4245296120643616,2.042075437771622,0
Image_Folder/S_sandrae/48.png,5,0.6379824280738831,3.6998517389058048,1
Image_Folder/S_sandrae/49.png,5,0.6875315308570862,4.135996377401519,1
Image_Folder/S_sandrae/5.png,5,0.5695406198501587,0.5785809096749016,1
Image_Folder/S_sandrae/50.png,5,0.6421529650688171,3.701747511126617,1
Image_Folder/S_sandrae/51.png,5,0.665774941444397,2.042555376547663,1
Image_Folder/S_sandrae/52.png,5,0.4782276749610901,1.0436404086742304,0
Image_Folder/S_sandrae/53.png,5,0.6172085404396057,3.61413131878556,1
Image_Folder/S_sandrae/54.png,5,0.42636844515800476,1.9406401136517102,0
Image_Folder/S_sandrae/55.png,5,0.4826447665691376,0.9384217014216434,0
Image_Folder/S_sandrae/56.png,5,0.3618585169315338,0.7288372458278147,0
Image_Folder/S_sandrae/57.png,5,0.5084167122840881,2.3270718844220712,0
Image_Folder/S_sandrae/58.png,5,0.6136325597763062,1.8142987979365812,1
Image_Folder/S_sandrae/59.png,5,0.5554085969924927,2.8396765673569515,1
Image_Folder/S_sandrae/6.png,5,0.5339215397834778,2.299652417517304,0
Image_Folder/S_sandrae/60.png,5,0.6940528750419617,1.7587141762531215,1
Image_Folder/S_sandrae/7.png,5,0.6339203119277954,3.649458222204109,1
Image_Folder/S_sandrae/8.png,5,0.7569283246994019,1.445733831186185,1
Image_Folder/S_sandrae/9.png,5,0.4724629521369934,2.991588584143567,0
Image_Folder/S_sandrae_test/25.png,5,0.6732358336448669,6.528677301101547,1
Image_Folder/S_sandrae_test/31.png,5,0.650018572807312,3.7056677787816774,1
Image_Folder/S_sandrae_test/34.png,5,0.616610050201416,3.2429446499497763,1
Image_Folder/S_sandrae_test/51.png,5,0.6519079208374023,2.169923788145841,1
Image_Folder/S_sandrae_test/58.png,5,0.60063236951828,1.7256832880287303,1
